Name,ShallowSize,ShallowSizePercent,RetainedSize,RetainedSizePercent
"export ""canister_query query_one_sql""",32,0.0012192436269754603,1016993,38.748819810270454
code[6602],9,0.00034291227008684824,1016961,38.74760056664348
code[5],16198,0.6171658834296408,1015518,38.69262029933955
code[10],12943,0.49314594574823073,368199,14.028883881523049
code[7],15282,0.5822650346074684,255590,9.73832745683306
code[453],1143,0.043549858301029726,213550,8.13654614189405
code[29],8944,0.3407785937396412,212407,8.092996283593019
code[28],8892,0.33879732284580605,192058,7.317671640926656
code[83],4974,0.18951618126799813,170823,6.508589190338408
code[3],23822,0.9076506775565443,170337,6.490071927753719
data[0],168698,6.42762379323457,168698,6.42762379323457
table[0],6,0.0002286081800578988,160314,6.108181962967
elem[0],1458,0.055551787754069416,160308,6.1079533547869405
code[45],7182,0.2736439915293049,124165,4.730855779481502
code[15],10390,0.3958731651335948,115026,4.382647419889978
code[465],1028,0.03916820151658667,102988,3.9239832079671473
code[1330],378,0.014402315343647627,88924,3.3881256339114327
code[32],8765,0.3339584497012472,88546,3.3737233185677846
code[143],2952,0.11247522458848623,76302,2.9072102257962995
code[39],7279,0.2773398237735743,70618,2.6906420765547834
code[33],8765,0.3339584497012472,69256,2.63874801968164
code[0],27604,1.0517500337197065,63694,2.426828236767968
code[512],999,0.038063261979640155,62159,2.368342644036489
code[14],11178,0.42589703944786556,62090,2.365713649965823
code[4],20445,0.7789823735472903,61138,2.329441152063303
code[18],9964,0.379641984349484,58842,2.2419604218278137
code[30],8981,0.34218834418333155,49933,1.902515375805177
code[11],12978,0.4944794934652352,47994,1.8286368322831328
code[1413],311,0.011849523999667756,45200,1.7221816231028377
code[612],773,0.029452353864125966,44889,1.7103320991031699
code[1],27594,1.0513690200862766,44116,1.680879745239044
code[47],6701,0.25531723576133,43816,1.6694493362361493
code[129],3347,0.12752526310896456,42426,1.6164884411894027
code[9],13764,0.5244271650528199,41090,1.565585019763177
code[473],1039,0.039587316513359484,38789,1.477913782710973
code[74],5410,0.2061283756855388,37750,1.4383264661976136
code[23],9180,0.34977051548858523,37685,1.4358498775803195
code[130],3175,0.12097182861397146,36870,1.4047972664557884
code[2],23584,0.8985825530809144,35691,1.3598757590744113
code[35],8003,0.304925210833894,35390,1.3484072487081733
