Name,ShallowSize,ShallowSizePercent,RetainedSize,RetainedSizePercent
"export ""canister_query query""",24,0.0017098474388622675,419776,29.90637160399363
code[3491],9,0.0006411927895733503,419752,29.904661756554773
code[79],2711,0.1931415169481503,419743,29.9040205637652
code[0],21558,1.535870461958032,416282,29.657446314352605
code[47],4108,0.2926688866185914,181981,12.96498944881643
data[0],176338,12.562961569753938,176338,12.562961569753938
code[44],4595,0.3273645408988383,152167,10.840931467889778
code[3],17057,1.2152028235280707,150552,10.725872983983004
code[1],22007,1.5678588577934134,140196,9.988073814113935
table[0],6,0.0004274618597155669,138250,9.84943368427952
elem[0],1262,0.0899094778268409,138244,9.849006222419805
code[341],672,0.047875728288143495,74357,5.2974635838117345
code[12],9535,0.6793081387313218,73685,5.249587855523591
code[6],10757,0.7663678708267255,55889,3.98173597960722
code[2],18807,1.3398791992784442,49551,3.5301937684610087
code[708],304,0.021658067558922054,48888,3.482959232962439
code[345],668,0.04759075371499978,48584,3.4613011654035164
code[11],10073,0.7176372188191509,47916,3.413710411688517
code[18],7842,0.5586926506482459,35963,2.562135143491822
code[148],1583,0.11277868732162373,31177,2.2211630667253712
code[4],15890,1.1320614918133929,30309,2.159323584353186
code[16],8129,0.5791395762713072,28180,2.0076458677974456
code[368],585,0.04167753132226777,26971,1.921512303064759
code[20],7232,0.5152340282438299,26386,1.879834771742491
code[5],11893,0.8473006495995394,26254,1.8704306108287487
code[7],10878,0.7749883516643228,25866,1.8427880772338086
"export ""canister_query icydb_snapshot""",33,0.0023510402284356176,21404,1.5248989408919988
code[214],1177,0.08385376814753703,21402,1.524756453605427
code[3490],9,0.0006411927895733503,21371,1.5225479006635634
code[22],7174,0.5111018969332461,21362,1.5219067078739899
code[17],8253,0.5879737880387622,20190,1.4384091579428826
code[310],731,0.05207910324201323,19671,1.401433707077486
code[41],4522,0.32216375493896554,19608,1.3969453575504724
code[9],9695,0.6907071216570702,19135,1.3632471142762286
code[14],9034,0.6436150734450719,18940,1.3493546038354727
code[10],9773,0.6962641258333725,17884,1.274121316525533
code[111],1918,0.13664530782240955,17569,1.2516795688904658
code[51],3967,0.28262353291527564,15856,1.1296392079416713
code[8],10492,0.7474883053559547,15270,1.0878904329761176
code[13],9457,0.6737511345550193,13941,0.9932076310491197
