Name,ShallowSize,ShallowSizePercent,RetainedSize,RetainedSizePercent
data[0],176338,12.562961569753938,,
code[1],22007,1.5678588577934134,,
code[0],21558,1.535870461958032,,
code[2],18807,1.3398791992784442,,
code[3],17057,1.2152028235280707,,
code[4],15890,1.1320614918133929,,
code[5],11893,0.8473006495995394,,
code[7],10878,0.7749883516643228,,
code[6],10757,0.7663678708267255,,
code[8],10492,0.7474883053559547,,
code[11],10073,0.7176372188191509,,
code[10],9773,0.6962641258333725,,
code[9],9695,0.6907071216570702,,
code[12],9535,0.6793081387313218,,
code[13],9457,0.6737511345550193,,
code[14],9034,0.6436150734450719,,
code[15],8810,0.627656497349024,,
code[17],8253,0.5879737880387622,,
code[16],8129,0.5791395762713072,,
code[18],7842,0.5586926506482459,,
code[19],7510,0.5350397610773179,,
code[21],7321,0.5215747124962775,,
code[20],7232,0.5152340282438299,,
code[23],7208,0.5135241808049678,,
code[22],7174,0.5111018969332461,,
code[25],7053,0.5024814160956489,,
code[26],7014,0.49970291400749767,,
code[27],6976,0.4969956555626325,,
code[30],6970,0.4965681937029168,,
code[24],6937,0.4942171534744812,,
code[28],6920,0.4930060115386205,,
code[29],6920,0.4930060115386205,,
code[31],6904,0.4918661132460456,,
code[35],6235,0.44420411588775993,,
code[33],6146,0.4378634316353124,,
code[34],6058,0.4315939910261507,,
code[36],5220,0.37189181795254317,,
code[38],4938,0.35180111054591157,,
code[39],4891,0.3484526593114729,,
code[37],4814,0.3429668987784565,,
